OBJECTID,Latitude,Longitude,Crash_Date_1,Crash_Year_1,Crash_Time_1,Primary_St_1,WARD,Distance_1,Dir_1,Secondary1,Fatalities_1,Injured_1,Injury_Typ_1,Crash_Type_1,V1_Dir_1,NUM
1,36.16889531500004,-115.14670511099996,01/03/2015 12:00:00 AM +0000,2015,03:17 PM,S 1ST ST,3,5,N,BRIDGER AVE,0,2,C,NON-COLLISION,E,1
2,36.288014118000035,-115.26950624399996,01/05/2015 12:00:00 AM +0000,2015,03:47 PM,N CIMARRON RD,6,11,S,HESPERIDES AVE,0,1,B,NON-COLLISION,N,2
3,36.29583142800004,-115.30144354699996,01/06/2015 12:00:00 AM +0000,2015,11:30 PM,N TEE PEE LN,6,25,N,SEVERENCE LN,0,1,C,NON-COLLISION,S,3
4,36.20346982900003,-115.24768198499999,01/07/2015 12:00:00 AM +0000,2015,02:56 PM,SMOKE RANCH RD,1,222,W,ROCK SPRINGS DR,0,1,C,ANGLE,W,4
5,36.181222157000036,-115.22512546999997,01/07/2015 12:00:00 AM +0000,2015,05:32 PM,WARM RIVER RD,5,2,W,SHIFTING SANDS DR,0,1,B,NON-COLLISION,E,5
6,36.19569898800006,-115.22104979399995,01/07/2015 12:00:00 AM +0000,2015,07:57 PM,LAKE MEAD BLVD,5,800,E,JONES BLVD,0,1,B,NON-COLLISION,S,6
7,36.168077020000055,-115.14488900099997,01/08/2015 12:00:00 AM +0000,2015,04:12 PM,S CASINO CENTER BLVD,3,225,E,BRIDGER AVE,0,1,C,ANGLE,W,7
8,36.17748201000006,-115.11622651999994,01/09/2015 12:00:00 AM +0000,2015,05:18 PM,EASTERN AVE,3,118,N,E MCWILLIAMS AVE,0,2,A,NON-COLLISION,S,8
9,36.199801974000025,-115.24221635299995,01/10/2015 12:00:00 AM +0000,2015,05:42 PM,RAINBOW BLVD,5,30,N,BALZAR AVE,0,6,B,ANGLE,N,9
10,36.15905848600005,-115.21019615799997,01/12/2015 12:00:00 AM +0000,2015,08:33 AM,BRUSH ST,1,0, ,CHARLESTON BLVD,0,1,C,NON-COLLISION,S,10
11,36.158824372000026,-115.13264923599996,01/12/2015 12:00:00 AM +0000,2015,11:07 AM,CHARLESTON BLVD,3,20,E,S 15TH ST,0,1,B,NON-COLLISION,S,11
12,36.31316648400008,-115.21148294499994,01/12/2015 12:00:00 AM +0000,2015,04:46 PM,HORSE DR,6,0, ,THOM BLVD,0,1,B,NON-COLLISION,E,12
13,36.17051096600005,-115.24454404299996,01/13/2015 12:00:00 AM +0000,2015,11:53 AM,RAINBOW BLVD,1,1100,S,WESTCLIFF DR,0,1,C,NON-COLLISION,E,13
14,36.16218913800003,-115.11933476499996,01/13/2015 12:00:00 AM +0000,2015,02:27 PM,SUNRISE AVE,3,325,E,N 21ST ST,0,1,B,ANGLE,E,15
15,36.17371263300004,-115.111580431,01/15/2015 12:00:00 AM +0000,2015,11:58 AM,E BONANZA RD,3,6,E,28TH ST,0,1,C,"SIDESWIPE, OVERTAKING",E,16
16,36.18099469200007,-115.14698559699997,01/18/2015 12:00:00 AM +0000,2015,08:29 AM,W WASHINGTON AVE,5,0, ,D ST,0,1,B,ANGLE,S,17
17,36.166422762000025,-115.23288841699997,01/22/2015 12:00:00 AM +0000,2015,03:59 PM,ALTA DR,1,0, ,S TORREY PINES DR,0,4,B,NON-COLLISION,W,18
18,36.15882195300003,-115.13736719699995,01/22/2015 12:00:00 AM +0000,2015,09:06 PM,CHARLESTON BLVD,3,80,W,MARYLAND PKWY,0,1,A,ANGLE,E,19
19,36.29775122600006,-115.26024711899998,01/13/2015 12:00:00 AM +0000,2015,02:27 PM,SUNRISE AVE,3,325,E,N 21ST ST,0,1,B,ANGLE,E,20
20,36.15123453000007,-115.15261511399996,01/23/2015 12:00:00 AM +0000,2015,04:23 PM,LAS VEGAS BLVD,3,0, ,E OAKEY BLVD,0,1,C,NON-COLLISION,W,21
21,36.181330539000044,-115.14000682099999,01/24/2015 12:00:00 AM +0000,2015,08:52 PM,N MAIN ST,5,0, ,WASHINGTON AVE,0,1,C,UNKNOWN,N,22
22,36.162442362000036,-115.08029570599996,01/25/2015 12:00:00 AM +0000,2015,01:30 AM,LAMB BLVD,3,3,W,MANOR GREEN LN,0,1,C,NON-COLLISION,N,23
23,36.15910834700003,-115.22014814299996,01/25/2015 12:00:00 AM +0000,2015,04:33 PM,CHARLESTON BLVD,1,200,W,UPLAND BLVD,0,0, ,"SIDESWIPE, MEETING",E,24
24,36.28441378000008,-115.28795160699997,01/26/2015 12:00:00 AM +0000,2015,06:02 PM,N DURANGO DR,6,8,S,W DEER SPRINGS WAY,0,1,B,NON-COLLISION,W,25
25,36.166285892000076,-115.23297357799999,01/26/2015 12:00:00 AM +0000,2015,07:07 PM,ALTA DR,1,5,W,S TORREY PINES DR,0,1,B,ANGLE,N,26
26,36.16863201000007,-115.14248016599998,01/27/2015 12:00:00 AM +0000,2015,05:10 PM,CARSON AVE,3,16,E,S 4TH ST,0,1,C,NON-COLLISION,N,27
27,36.18285074000005,-115.20683821999995,01/29/2015 12:00:00 AM +0000,2015,06:44 AM,N YALE ST,5,0, ,CARMEN BLVD,0,1,B,NON-COLLISION,E,28
28,36.144344112000056,-115.13683302299995,01/29/2015 12:00:00 AM +0000,2015,05:08 PM,SAHARA AVE,3,4,E,MARYLAND PKWY,0,1,C,NON-COLLISION,W,29
29,36.16866470300005,-115.14245424899997,01/30/2015 12:00:00 AM +0000,2015,12:59 AM,S 4TH ST,3,18,N,CARSON AVE,0,1,C,NON-COLLISION,N,30
30,36.17389974800005,-115.06438968699996,02/01/2015 12:00:00 AM +0000,2015,05:34 PM,E BONANZA RD,3,5,E,LILLIAN ST,0,1,C,ANGLE,E,31
31,36.15161821500004,-115.23894316099995,02/02/2015 12:00:00 AM +0000,2015,05:38 PM,W OAKEY BLVD,1,3,W,REDWOOD ST,0,1,C,NON-COLLISION,E,32
32,36.144329018000064,-115.19417555599995,02/03/2015 12:00:00 AM +0000,2015,06:43 AM,SAHARA AVE,1,4,W,LAS VERDES ST,0,1,A,NON-COLLISION,E,33
33,36.20308347300005,-115.23291587199998,02/05/2015 12:00:00 AM +0000,2015,05:23 PM,N TORREY PINES DR,5,0, ,SMOKE RANCH RD,0,0, ,NON-COLLISION,N,34
34,36.23184283300003,-115.21656008599996,02/06/2015 12:00:00 AM +0000,2015,01:57 PM,W ALEXANDER RD,6,25,E,BRADLEY RD,0,2,B,ANGLE,W,35
35,36.18130228200005,-115.26014317799996,02/16/2015 12:00:00 AM +0000,2015,06:29 AM,W WASHINGTON AVE,2,5,W,N BUFFALO DR,0,1,C,ANGLE,E,36
36,36.158886547000066,-115.10764889899997,02/17/2015 12:00:00 AM +0000,2015,11:53 AM,CHARLESTON BLVD,3,141,E,30TH ST,0,1,C,NON-COLLISION,W,37
37,36.188705793000054,-115.24684730699994,02/17/2015 12:00:00 AM +0000,2015,02:39 PM,VEGAS DR,1,8,W,ROCK SPRINGS DR,0,1,C,ANGLE,W,38
38,36.14217326000005,-115.27904518599996,02/18/2015 12:00:00 AM +0000,2015,05:03 PM,S DURANGO DR,2,650,S,SAHARA AVE,0,1,C,ANGLE,E,39
39,36.159056261000046,-115.21043877499994,02/19/2015 12:00:00 AM +0000,2015,04:59 PM,BRUSH ST,1,7,W,CHARLESTON BLVD,0,1,B,REAR-END,E,40
40,36.16435482900005,-115.17013642499995,02/19/2015 12:00:00 AM +0000,2015,06:35 PM,PINTO LN,1,18,W,S TONOPAH DR,0,1,A,NON-COLLISION,W,41
41,36.188565270000026,-115.18578294799994,02/20/2015 12:00:00 AM +0000,2015,10:39 AM,VEGAS DR,5,6,E,RANCHO DR,0,1,B,NON-COLLISION,W,42
42,36.15917640300006,-115.34453275299995,02/23/2015 12:00:00 AM +0000,2015,05:22 PM,SR159,2,0, ,VISTA CENTER DR,0,1,C,ANGLE,W,43
43,36.28304404800008,-115.32984748699994,02/25/2015 12:00:00 AM +0000,2015,07:13 AM,VALCOUR ST,6,50,N,LEATHERSTOCKING AVE,0,1,A,BACKING,N,44
44,36.177306317000046,-115.11117959799998,02/25/2015 12:00:00 AM +0000,2015,03:16 PM,PANIFLOW ST,3,45,S,HARRIS AVE,0,1,C,NON-COLLISION,S,45
45,36.13723830400005,-115.20599485799994,02/26/2015 12:00:00 AM +0000,2015,05:54 PM,PENNWOOD AVE,1,150,E,BLACK FOREST DR,0,1,C,NON-COLLISION,E,46
46,36.16158129200005,-115.23314944499998,03/01/2015 12:00:00 AM +0000,2015,09:09 PM,S TORREY PINES DR,1,0, ,BANNOCK WAY,0,1,A,ANGLE,N,47
47,36.188421110000036,-115.30512962099999,03/05/2015 12:00:00 AM +0000,2015,12:46 PM,N TOWN CENTER DR,2,5,N,SPRING GATE LN,0,1,A,ANGLE,S,48
48,36.17715794000003,-115.09402758999994,03/06/2015 12:00:00 AM +0000,2015,07:03 AM,HARRIS AVE,3,105,E,PARKHURST ST,0,1,C,ANGLE,E,49
49,36.162686147000045,-115.17263003799997,03/06/2015 12:00:00 AM +0000,2015,09:44 AM,RANCHO DR,1,34,N,PALOMINO LN,0,1,A,ANGLE,N,50
50,36.30349901100004,-115.28554577199998,03/06/2015 12:00:00 AM +0000,2015,07:23 PM,N EL CAPITAN WAY,6,0, ,SHADY PINES DR,0,1,B,NON-COLLISION,S,51
51,36.18100927300003,-115.08329431599998,03/06/2015 12:00:00 AM +0000,2015,09:19 PM,E WASHINGTON AVE,3,0, ,STAFFORDSHIRE CIR,0,1,C,NON-COLLISION,S,52
52,36.240451936000056,-115.25578808799997,03/09/2015 12:00:00 AM +0000,2015,08:19 AM,CRAIG RD,4,0, ,N PIONEER WAY,0,1,B,NON-COLLISION,E,53
53,36.14726926900005,-115.16272723099996,03/09/2015 12:00:00 AM +0000,2015,05:07 PM,INDUSTRIAL RD,3,200,S,W BOSTON AVE,0,1,C,NON-COLLISION,S,54
54,36.18639931700005,-115.13399744999998,03/12/2015 12:00:00 AM +0000,2015,02:19 PM,LAS VEGAS BLVD,5,5,N,FOREMASTER LN,0,1,C,ANGLE,N,55
55,36.173994625000034,-115.11565327199997,03/16/2015 12:00:00 AM +0000,2015,07:51 AM,E BONANZA RD,3,125,E,EASTERN AVE,0,1,B,ANGLE,W,56
56,36.16299479200006,-115.27838953499997,03/18/2015 12:00:00 AM +0000,2015,03:29 PM,GRANDBANK DR,2,32,W,DURANGO DR,0,1,A,NON-COLLISION,W,57
57,36.17013641900007,-115.07123606699997,03/18/2015 12:00:00 AM +0000,2015,05:25 PM,MARION DR,3,160,N,MONTEBELLO AVE,0,1,C,NON-COLLISION,N,58
58,36.18847097200006,-115.18611069699995,03/20/2015 12:00:00 AM +0000,2015,06:57 AM,RANCHO DR,5,0, ,VEGAS DR,0,1,C,NON-COLLISION,E,59
59,36.18055935800004,-115.15825214899996,03/20/2015 12:00:00 AM +0000,2015,07:12 PM,REED PL,5,100,N,DOWN WAY,0,1,B,NON-COLLISION,S,60
60,36.19576773500006,-115.15622968399998,03/23/2015 12:00:00 AM +0000,2015,03:18 PM,LAKE MEAD BLVD,5,0, ,CONCORD ST,0,1,B,ANGLE,W,61
61,36.177397892000045,-115.20584226499994,03/25/2015 12:00:00 AM +0000,2015,02:40 PM,W BONANZA RD,1,0, ,N DECATUR BLVD,0,1,A,ANGLE,W,62
62,36.15153409100003,-115.13784496599999,03/26/2015 12:00:00 AM +0000,2015,08:52 AM,E OAKEY BLVD,3,5,E,S 11TH ST,0,1,A,ANGLE,E,63
63,36.17704251200007,-115.16052871599999,03/27/2015 12:00:00 AM +0000,2015,07:51 PM,BONANZA RD,5,21,E,MARTIN L KING BLVD,0,3,A,ANGLE,E,64
64,36.150103828000056,-115.15424434399995,03/28/2015 12:00:00 AM +0000,2015,07:08 AM,S MAIN ST,3,350,S,E OAKEY BLVD,0,1,B,ANGLE,W,65
65,36.170849118000035,-115.14083750499998,03/29/2015 12:00:00 AM +0000,2015,02:12 AM,E OGDEN AVE,5,20,E,N 4TH ST,0,1,B,NON-COLLISION,W,66
66,36.22197917600005,-115.24221997899997,03/29/2015 12:00:00 AM +0000,2015,04:45 PM,RAINBOW BLVD,5,0, ,BUCKSKIN AVE,0,1,B,ANGLE,N,67
67,36.14435885000006,-115.19418275799995,03/30/2015 12:00:00 AM +0000,2015,09:19 PM,SAHARA AVE,1,0, ,LAS VERDES ST,0,1,A,NON-COLLISION,E,68
68,36.177258607000056,-115.16094669799998,03/30/2015 12:00:00 AM +0000,2015,11:04 PM,MARTIN L KING BLVD,5,5,N,BONANZA RD,0,1,C,NON-COLLISION,S,69
69,36.15891428900005,-115.14896280999994,03/31/2015 12:00:00 AM +0000,2015,06:30 PM,CHARLESTON BLVD,3,0, ,S 4TH ST,0,4,C,ANGLE,W,70
70,36.19601641300005,-115.23313215299999,04/02/2015 12:00:00 AM +0000,2015,08:14 PM,N TORREY PINES DR,5,0, ,LAKE MEAD BLVD,0,1,B,ANGLE,S,71
71,36.15877553200005,-115.10560895499998,04/03/2015 12:00:00 AM +0000,2015,08:49 PM,CHARLESTON BLVD,3,0, ,MOJAVE RD,0,3,B,ANGLE,E,72
72,36.15971893300008,-115.11870964499997,04/03/2015 12:00:00 AM +0000,2015,10:32 PM,FREMONT ST,3,0, ,EASTERN AVE,0,1,C,NON-COLLISION,E,73
73,36.186564539000074,-115.07174121899999,04/05/2015 12:00:00 AM +0000,2015,06:32 PM,VAN BUREN AVE,3,200,W,MARION DR,0,1,B,ANGLE,W,74
74,36.17768885500004,-115.06239547299998,04/08/2015 12:00:00 AM +0000,2015,02:55 PM,HARRIS AVE,3,0, ,NELLIS BLVD,0,1,C,NON-COLLISION,E,75
75,36.175058240000055,-115.06851745199998,04/11/2015 12:00:00 AM +0000,2015,05:59 PM,IRENE AVE,3,110,N,MARCO ST,0,2,C,ANGLE,E,76
76,36.17705756000004,-115.206846155,04/11/2015 12:00:00 AM +0000,2015,09:39 PM,N YALE ST,1,202,S,IOWA AVE,0,1,B,NON-COLLISION,S,77
77,36.17352562100007,-115.08467912599997,04/14/2015 12:00:00 AM +0000,2015,07:07 AM,E BONANZA RD,3,600,E,TRIEST CT,0,1,A,NON-COLLISION,W,78
78,36.247913304000065,-115.24229510699996,04/14/2015 12:00:00 AM +0000,2015,03:42 PM,LONE MOUNTAIN RD,6,3,W,RAINBOW BLVD,0,1,B,ANGLE,N,79
79,36.15904658100004,-115.24487165599999,04/14/2015 12:00:00 AM +0000,2015,09:00 PM,CHARLESTON BLVD,1,300,W,RAINBOW BLVD,0,1,A,ANGLE,E,80
80,36.177582003000055,-115.11602018099995,04/15/2015 12:00:00 AM +0000,2015,01:26 PM,EASTERN AVE,3,6,S,HARRIS AVE,0,1,B,NON-COLLISION,W,81
81,36.19582421300004,-115.22638686699997,04/17/2015 12:00:00 AM +0000,2015,06:14 PM,LAKE MEAD BLVD,5,0, ,SAN SIMEON ST,0,1,C,NON-COLLISION, ,82
82,36.17210627000003,-115.14394222499999,04/22/2015 12:00:00 AM +0000,2015,11:09 AM,E OGDEN AVE,5,180,E,N 1ST ST,0,1,C,NON-COLLISION,E,83
83,36.23961173400005,-115.23165727199995,04/24/2015 12:00:00 AM +0000,2015,01:44 PM,CRAIG RD,4,250,E,RANCH0,0,1,B,NON-COLLISION,W,84
84,36.166605590000074,-115.20626967499999,04/24/2015 12:00:00 AM +0000,2015,05:34 PM,S DECATUR BLVD,1,10,N,ALTA DR,0,2,C,ANGLE,W,85
85,36.158900749000054,-115.13846898499997,04/24/2015 12:00:00 AM +0000,2015,08:44 PM,CHARLESTON BLVD,3,15,W,S 11TH ST,0,1,C,NON-COLLISION,W,86
86,36.20079176000007,-115.22157699199994,04/26/2015 12:00:00 AM +0000,2015,03:22 PM,W BARTLETT AVE,5,315,E,N MALLARD ST,0,1,A,ANGLE,W,87
87,36.13557662200003,-115.19054521999999,04/28/2015 12:00:00 AM +0000,2015,01:40 PM,FAMILIAN DR,1,0, ,S VALLEY VIEW BLVD,0,1,C,ANGLE,E,88
88,36.23916248300003,-115.22625446799998,04/30/2015 12:00:00 AM +0000,2015,07:56 AM,CRAIG RD,4,125,W,JONES BLVD,0,1,A,ANGLE,W,89
89,36.17455085300003,-115.13645926599997,04/30/2015 12:00:00 AM +0000,2015,05:09 PM,E BONANZA RD,5,164,E,LAS VEGAS BLVD,0,1,A,NON-COLLISION,E,90
90,36.29165031800005,-115.28450601599997,04/30/2015 12:00:00 AM +0000,2015,09:52 PM,GRAND MONTECITO PKWY,6,17,S,ELKHORN RD,0,2,A,ANGLE,E,91
91,36.181030892000024,-115.10167784199996,05/01/2015 12:00:00 AM +0000,2015,03:33 PM,E WASHINGTON AVE,3,9,W,LENA ST,0,2,B,ANGLE,W,92
92,36.18536230800004,-115.14716076299999,05/03/2015 12:00:00 AM +0000,2015,01:37 AM,D ST,5,180,S,JACKSON AVE,0,1,B,NON-COLLISION,S,93
93,36.174875289000056,-115.32271162199999,05/03/2015 12:00:00 AM +0000,2015,10:19 AM,N TOWN CENTER DR,2,0, ,ANASAZI DR,0,1,B,ANGLE,S,96
94,36.16834581000006,-115.23310417399995,05/04/2015 12:00:00 AM +0000,2015,03:39 PM,S TORREY PINES DR,1,0, ,CELESTE AVE,0,1,C,ANGLE,S,97
95,36.172924496000064,-115.142461476,05/06/2015 12:00:00 AM +0000,2015,01:19 AM,STEWART AVE,5,10,E,N CASINO CENTER BLVD,0,1,B,NON-COLLISION,E,98
96,36.180771778000064,-115.15378142899999,05/07/2015 12:00:00 AM +0000,2015,04:53 PM,W WASHINGTON AVE,5,45,E,I ST,0,1,C,ANGLE,E,99
97,36.29911598000007,-115.28944669799995,05/07/2015 12:00:00 AM +0000,2015,06:08 PM,FARM RD,6,8,W,OSO BLANCA RD,0,1,C,ANGLE,E,100
98,36.144352721000075,-115.19413133599994,05/10/2015 12:00:00 AM +0000,2015,05:48 PM,SAHARA AVE,1,14,E,LAS VERDES ST,0,1,A,NON-COLLISION,E,101
99,36.158974466000075,-115.11894680299997,05/14/2015 12:00:00 AM +0000,2015,03:40 AM,EASTERN AVE,3,0, ,CHARLESTON BLVD,0,3,A,REAR-END,S,102
100,36.17555830500004,-115.25531555499998,05/14/2015 12:00:00 AM +0000,2015,03:50 PM,LUNA WAY,1,71,S,PIRATES COVE RD,0,1,B,NON-COLLISION,N,103
101,36.195645580000075,-115.14753227099999,05/17/2015 12:00:00 AM +0000,2015,08:50 PM,LAKE MEAD BLVD,5,3,W,D ST,0,1,C,NON-COLLISION,E,104
102,36.217161170000054,-115.21113999399995,05/24/2015 12:00:00 AM +0000,2015,09:33 PM,CHEYENNE AVE,5,200,E,N RANCHO DR,0,1,A,NON-COLLISION,E,105
103,36.144244893000064,-115.18223911499996,05/25/2015 12:00:00 AM +0000,2015,09:26 PM,SAHARA AVE,1,11,W,RICHFIELD BLVD,0,1,A,NON-COLLISION,E,106
104,36.17875202400006,-115.14170983699995,05/29/2015 12:00:00 AM +0000,2015,07:02 PM,N MAIN ST,5,500,N,BONANZA RD,0,3,B,NON-COLLISION,N,107
105,36.17107365700008,-115.11994595199997,06/01/2015 12:00:00 AM +0000,2015,05:45 PM,E MESQUITE AVE,3,120,E,21ST ST,0,1,B,ANGLE,W,108
106,36.18090216400003,-115.21005009799995,06/01/2015 12:00:00 AM +0000,2015,10:20 PM,W WASHINGTON AVE,1,6,E,MINNESOTA ST,0,1,C,NON-COLLISION,E,109
107,36.158790418000024,-115.11181636499998,06/02/2015 12:00:00 AM +0000,2015,09:41 AM,CHARLESTON BLVD,3,15,E,27TH ST,0,1,A,NON-COLLISION,E,110
108,36.18527698200006,-115.18310038899995,06/03/2015 12:00:00 AM +0000,2015,12:02 PM,RANCHO DRIVE,5,34,N,RIVERSIDE DR,0,1,B,NON-COLLISION,S,111
109,36.174894917000074,-115.06225646799999,06/03/2015 12:00:00 AM +0000,2015,03:50 PM,NELLIS BLVD,3,250,N,BONANZA RD,0,1,B,ANGLE,S,112
110,36.18089154300003,-115.10112349099995,06/03/2015 12:00:00 AM +0000,2015,03:53 PM,E WASHINGTON AVE,3,97,E,LENA ST,0,1,B,ANGLE,E,113
111,36.18843280900006,-115.07096237499997,06/03/2015 12:00:00 AM +0000,2015,06:08 PM,OWENS AVE,3,0, ,MARION DR,0,2,A,NON-COLLISION,E,114
112,36.181344083000056,-115.26016874499999,06/04/2015 12:00:00 AM +0000,2015,06:10 PM,W WASHINGTON AVE,2,5,W,BUFFALO DR,0,1,C,ANGLE,E,115
113,36.16875866500004,-115.20608632299997,06/05/2015 12:00:00 AM +0000,2015,07:34 PM,S DECATUR BLVD,1,500,S,MEADOWS LN,0,1,C,BACKING,E,116
114,36.19396508300008,-115.22898546799996,06/06/2015 12:00:00 AM +0000,2015,09:03 PM,BELLOTA DR,5,550,W,ARPA WAY,0,1,C,NON-COLLISION,W,117
115,36.17359999000007,-115.24453442299995,06/08/2015 12:00:00 AM +0000,2015,09:37 AM,RAINBOW BLVD,1,40,S,WESTCLIFF DR,0,1,A,NON-COLLISION,S,118
116,36.21684815800006,-115.22657312899997,06/10/2015 12:00:00 AM +0000,2015,10:19 AM,CHEYENNE AVE,5,184,W,JONES BLVD,0,1,A,NON-COLLISION,S,119
117,36.18875498600005,-115.28768938299999,06/12/2015 12:00:00 AM +0000,2015,01:50 PM,RAMPART BLVD,2,12,N,VEGAS DR,0,1,C,NON-COLLISION,S,120
118,36.16756518200003,-115.12991016299998,06/17/2015 12:00:00 AM +0000,2015,07:32 AM,N 13TH ST,3,0, ,STEWART AVE,0,1,C,NON-COLLISION,E,121
119,36.15738134500003,-115.28021578699997,06/19/2015 12:00:00 AM +0000,2015,04:42 PM,S DURANGO DR,2,117,N,SONETO LN,0,1,B,NON-COLLISION,S,122
120,36.173536279000075,-115.17337818499999,06/21/2015 12:00:00 AM +0000,2015,10:15 AM,S RANCHO,1,0, ,MESQUITE,0,1,B,"SIDESWIPE, OVERTAKING",S,123
121,36.195692499000074,-115.22619990999999,06/22/2015 12:00:00 AM +0000,2015,12:47 AM,LAKE MEAD BLVD,5,74,E,SAN SIMEON ST,0,2,A,NON-COLLISION,E,124
122,36.15880546900007,-115.14005891299996,06/23/2015 12:00:00 AM +0000,2015,10:52 AM,CHARLESTON BLVD,3,269,E,S 10TH ST,0,1,B,NON-COLLISION,E,125
123,36.17457927500004,-115.16092573899999,06/28/2015 12:00:00 AM +0000,2015,02:04 AM,MARTIN LUTHER KING BLVD,5,20,S,US95 SB OFF RAMP,0,1,C,ANGLE,S,126
124,36.15919426000005,-115.24438948399995,07/07/2015 12:00:00 AM +0000,2015,01:53 PM,CHARLESTON BLVD,1,120,W,RAINBOW BLVD,0,1,B,NON-COLLISION, ,127
125,36.16143802300007,-115.073116374,07/08/2015 12:00:00 AM +0000,2015,06:05 AM,MARION DR,3,63,S,PAGE ST,0,1,A,NON-COLLISION,N,128
126,36.26302038100005,-115.25022086199999,07/09/2015 12:00:00 AM +0000,2015,10:21 PM,ANN RD,4,50,E,TENAYA WAY,0,1,B,ANGLE,S,129
127,36.14390343500003,-115.15263480099998,07/15/2015 12:00:00 AM +0000,2015,07:58 AM,SANTA PAULA DR,3,7,N,SAHARA AVE,0,1,A,NON-COLLISION,N,130
128,36.24768330200004,-115.24212682799998,07/17/2015 12:00:00 AM +0000,2015,04:18 PM,RAINBOW BLVD,4,5,S,LONE MOUNTAIN RD,0,1,C,NON-COLLISION,N,131
129,36.19575533700004,-115.22403182799997,07/17/2015 12:00:00 AM +0000,2015,05:09 PM,JONES BLVD,5,100,N,LAKE MEAD BLVD,0,1,B,NON-COLLISION,E,132
130,36.29198142200005,-115.31846877199996,07/17/2015 12:00:00 AM +0000,2015,07:04 PM,ELKHORN RD,6,262,E,EGAN CREST DR,0,1,B,NON-COLLISION,E,133
131,36.16423014900005,-115.23311449499994,07/19/2015 12:00:00 AM +0000,2015,11:49 PM,BOURBON WAY,1,5,E,S TORREY PINES DR,0,1,C,NON-COLLISION,S,134
132,36.22218696900006,-115.26512573799994,07/21/2015 12:00:00 AM +0000,2015,05:15 AM,BUCKSKIN AVE,4,52,E,N CIMARRON RD,0,1,A,NON-COLLISION,E,135
133,36.16736508200006,-115.32454204599998,07/22/2015 12:00:00 AM +0000,2015,07:31 AM,S TOWN CENTER DR,2,8,S,ALTA DR,0,1,B,NON-COLLISION,N,136
134,36.173208113000044,-115.14029367999996,07/25/2015 12:00:00 AM +0000,2015,03:17 AM,N 4TH ST,5,415,N,STEWART AVE,0,1,B,NON-COLLISION, ,137
135,36.14822887500003,-115.15408340899995,07/26/2015 12:00:00 AM +0000,2015,03:30 AM,LAS VEGAS BLVD,3,10,E,E ST LOUIS AVE,0,1,B,NON-COLLISION,S,145
136,36.17109270700007,-115.14141700599998,07/27/2015 12:00:00 AM +0000,2015,12:05 AM,E OGDEN AVE,5,100,W,N 4TH ST,0,0, ,NON-COLLISION,S,146
137,36.17612926800007,-115.17455824999996,07/29/2015 12:00:00 AM +0000,2015,09:47 PM,RANCHO DRIVE,5,25,N,US95 NRANCHO NB OFF RAMP,0,1,C,ANGLE,N,147
138,36.151534810000044,-115.13719397299997,07/31/2015 12:00:00 AM +0000,2015,10:15 AM,E OAKEY BLVD,3,0, ,MARYLAND PKWY,0,1,B,NON-COLLISION,E,148
139,36.14971683400006,-115.11891927099998,08/01/2015 12:00:00 AM +0000,2015,12:32 AM,S EASTERN AVE,3,0, ,CANOSA AVE,2,0,K,NON-COLLISION,S,149
140,36.181104246000075,-115.14007427899998,08/05/2015 12:00:00 AM +0000,2015,01:41 PM,WASHINGTON AVE,5,9,E,N MAIN ST,0,1,C,NON-COLLISION,S,151
141,36.15902734000008,-115.08738413099996,08/07/2015 12:00:00 AM +0000,2015,08:31 AM,SACRAMENTO DR,3,3,W,E CHARLESTON BLVD,0,1,A,ANGLE,S,152
142,36.15925421500003,-115.20576108699998,08/09/2015 12:00:00 AM +0000,2015,01:48 AM,S DECATUR BLVD,1,5,N,W CHARLESTON BLVD,0,1,A,NON-COLLISION,N,153
143,36.17465492000008,-115.13638881999998,08/11/2015 12:00:00 AM +0000,2015,01:03 AM,E BONANZA RD,5,200,E,N LAS VEGAS BLVD,0,1,C,NON-COLLISION,W,154
144,36.193489861000046,-115.16060619499996,08/01/2015 12:00:00 AM +0000,2015,03:50 AM,JIMMY AVE,5,10,E,N MARTIN L KING BLVD,0,1,B,NON-COLLISION,E,150
145,36.15799009300008,-115.26209468699994,08/19/2015 12:00:00 AM +0000,2015,11:09 AM,S BUFFALO DR,1,366,S,W CHARLESTON BLVD,0,1,A,NON-COLLISION,N,156
146,36.14094822800007,-115.20801925399996,08/19/2015 12:00:00 AM +0000,2015,08:54 PM,S DECATUR BLVD,1,0, ,ELDORA AVE,0,1,B,ANGLE,N,157
147,36.159137239000074,-115.28210865499994,08/20/2015 12:00:00 AM +0000,2015,03:17 PM,CHARLESTON BLVD,2,500,W,S DURANGO DR,0,1,C,ANGLE,W,158
148,36.170589301000064,-115.20611798999994,08/21/2015 12:00:00 AM +0000,2015,10:37 PM,S DECATUR BLVD,1,75,N,MEADOWS LN,0,1,B,NON-COLLISION,S,159
149,36.17078382700004,-115.14091507599994,08/23/2015 12:00:00 AM +0000,2015,02:35 AM,E OGDEN AVE,5,15,E,FOURTH STREET,0,1,B,ANGLE,E,160
150,36.188496257000054,-115.06907555999999,08/24/2015 12:00:00 AM +0000,2015,08:57 PM,E OWENS AVE,3,496,E,MARION DR,1,1,K,ANGLE,E,161
151,36.21818332400005,-115.25266731599999,08/26/2015 12:00:00 AM +0000,2015,08:52 AM,CHEYENNE AVE,4,400,W,N TENAYA WAY,0,1,B,ANGLE,S,162
152,36.16397941900004,-115.11592344199994,08/26/2015 12:00:00 AM +0000,2015,07:48 PM,EASTERN AVE,3,46,N,BERKLEY AVE,0,1,C,ANGLE,S,163
153,36.166998818000025,-115.06216528199997,08/27/2015 12:00:00 AM +0000,2015,01:42 PM,NELLIS BLVD,3,130,N,STEWART AVE,0,1,B,NON-COLLISION,S,164
154,36.17380932900005,-115.10971613999999,08/29/2015 12:00:00 AM +0000,2015,06:35 PM,E BONANZA RD,3,15,W,WARDELLE ST,0,1,A,NON-COLLISION,W,165
155,36.29916198600006,-115.27877749799995,09/01/2015 12:00:00 AM +0000,2015,07:03 AM,FARM RD,6,3,S,TULE SPRINGS RD,0,1,A,ANGLE,W,166
156,36.178612206000025,-115.08047122499994,09/01/2015 12:00:00 AM +0000,2015,10:02 PM,LAMB BLVD,3,840,S,E WASHINGTON AVE,0,1,A,NON-COLLISION,S,167
157,36.21668757400005,-115.22570204399995,09/02/2015 12:00:00 AM +0000,2015,04:33 PM,CHEYENNE AVE,5,4,E,N JONES BLVD,0,1,B,NON-COLLISION,N,168
158,36.18484148400006,-115.11826493799998,09/02/2015 12:00:00 AM +0000,2015,11:04 PM,SEARLES AVE,3,3,E,N 23RD ST,0,1,B,NON-COLLISION, ,169
159,36.168354530000045,-115.14570087799996,09/03/2015 12:00:00 AM +0000,2015,11:00 AM,S CASINO CENTER BLVD,3,0, ,E BRIDGER AVE,0,1,C,NON-COLLISION,E,170
160,36.13734670100007,-115.20633977299997,09/05/2015 12:00:00 AM +0000,2015,06:12 PM,PENNWOOD AVE,1,0, ,BLACK FOREST DR,0,1,B,NON-COLLISION,S,171
161,36.20003345200007,-115.19762714599995,09/06/2015 12:00:00 AM +0000,2015,12:33 AM,LAKE MEAD BLVD,5,162,W,N RANCHO DR,0,1,B,NON-COLLISION,W,172
162,36.14456659600006,-115.19991820599995,09/06/2015 12:00:00 AM +0000,2015,02:30 PM,SAHARA AVE,1,0, ,ARVILLE ST,0,1,C,ANGLE, ,173
163,36.186691506000045,-115.11999836399997,09/07/2015 12:00:00 AM +0000,2015,05:28 PM,HINKLE DR,3,127,E,N 21ST ST,0,2,B,ANGLE, ,174
164,36.17167531000007,-115.07136540499994,09/09/2015 12:00:00 AM +0000,2015,07:44 PM,MARION DR,3,44,S,DIAMOND HEAD DR,0,1,C,NON-COLLISION,S,175
165,36.143725964000055,-115.15704650599997,09/11/2015 12:00:00 AM +0000,2015,04:55 AM,SAHARA AVE,3,7,E,S LAS VEGAS BLVD,0,1,A,ANGLE,W,176
166,36.246887349000076,-115.26030527599994,09/11/2015 12:00:00 AM +0000,2015,06:54 AM,N BUFFALO DR,4,300,S,W LONE MOUNTAIN RD,0,1,B,NON-COLLISION,N,177
167,36.16485563300006,-115.14345310799996,09/11/2015 12:00:00 AM +0000,2015,05:23 PM,LAS VEGAS BLVD,3,52,N,E CLARK AVE,0,1,B,NON-COLLISION,N,178
168,36.28677258300007,-115.26028698699997,09/13/2015 12:00:00 AM +0000,2015,09:20 PM,N BUFFALO DR,6,110,S,WITTIG AVE,0,1,B,NON-COLLISION,N,179
169,36.147839316000045,-115.13708989399998,09/17/2015 12:00:00 AM +0000,2015,10:36 AM,MARYLAND PKWY,3,4,S,E ST LOUIS AVE,0,1,B,NON-COLLISION, ,180
170,36.155666163000035,-115.11895324499994,09/17/2015 12:00:00 AM +0000,2015,09:20 PM,EASTERN AVE,3,42,S,HOUSTON DR,0,1,A,ANGLE,S,181
171,36.18105808200005,-115.19688840299995,09/18/2015 12:00:00 AM +0000,2015,07:27 AM,W WASHINGTON AVE,5,0, ,ANN DR,0,1,C,NON-COLLISION,E,182
172,36.177519292000056,-115.11599113899996,09/19/2015 12:00:00 AM +0000,2015,01:49 PM,EASTERN AVE,3,0, ,HARRIS AVE,0,1,C,NON-COLLISION,E,183
173,36.217351129000065,-115.23396545899999,09/21/2015 12:00:00 AM +0000,2015,08:58 AM,CHEYENNE AVE,5,0, ,N TORREY PINES DR,0,1,C,ANGLE,N,184
174,36.166956166000034,-115.20590037499994,09/21/2015 12:00:00 AM +0000,2015,03:20 PM,S DECATUR BLVD,1,95,N,ALTA DR,0,1,C,ANGLE,W,185
175,36.144210120000025,-115.17734081199995,09/21/2015 12:00:00 AM +0000,2015,09:51 PM,E SAHARA AVE,1,34,E,TEDDY DR,1,0,K,ANGLE,E,186
176,36.15895696300004,-115.16680319799997,09/22/2015 12:00:00 AM +0000,2015,10:13 AM,CHARLESTON BLVD,1,350,W,SHADOW LN,0,1,B,NON-COLLISION,S,187
177,36.159053726000025,-115.07464275899997,09/22/2015 12:00:00 AM +0000,2015,08:35 PM,CHARLESTON BLVD,3,15,W,MARION DR,0,0, ,NON-COLLISION,N,188
178,36.14384654300005,-115.29775406299996,09/25/2015 12:00:00 AM +0000,2015,12:21 PM,FORT APACHE RD,2,100,S,W SAHARA AVE,0,0, ,NON-COLLISION,S,189
179,36.20207100300007,-115.15571609999995,09/25/2015 12:00:00 AM +0000,2015,06:10 PM,MILLER AVE,5,150,E,CONCORD ST,0,1,A,ANGLE,E,190
180,36.17098956800004,-115.14093230099996,09/25/2015 12:00:00 AM +0000,2015,11:29 PM,N 4TH ST,5,0, ,E OGDEN AVE,0,1,B,NON-COLLISION,N,191
181,36.14414841900003,-115.173366854,09/26/2015 12:00:00 AM +0000,2015,11:09 AM,SAHARA AVE,1,5,W,S RANCHO DR,0,1,C,NON-COLLISION,E,193
182,36.18069388200007,-115.20620489199996,09/28/2015 12:00:00 AM +0000,2015,12:06 AM,N DECATUR BLVD,1,31,S,W WASHINGTON AVE,0,1,B,NON-COLLISION,S,194
183,36.18873932200006,-115.26957111099995,09/30/2015 12:00:00 AM +0000,2015,06:03 PM,VEGAS DR,2,29,W,N CIMARRON RD,0,1,B,ANGLE,W,195
184,36.15882445400007,-115.13723852899994,10/01/2015 12:00:00 AM +0000,2015,07:03 PM,E CHARLESTON BLVD,3,10,W,S MARYLAND PKWY,0,2,A,ANGLE,E,196
185,36.13819164500006,-115.19825110799997,10/02/2015 12:00:00 AM +0000,2015,01:21 PM,SILVER DOLLAR AVE,1,350,E,ARVILLE ST,0,1,B,NON-COLLISION,E,197
186,36.218189565000046,-115.24127000599998,10/03/2015 12:00:00 AM +0000,2015,01:36 PM,W CHEYENNE AVE,4,295,E,N RAINBOW BLVD,0,1,C,NON-COLLISION,W,198
187,36.18926242800006,-115.18657370999995,10/05/2015 12:00:00 AM +0000,2015,01:46 PM,N RANCHO DR,5,300,N,VEGAS DR,0,1,C,NON-COLLISION,N,199
188,36.16643164900006,-115.06403652799997,10/07/2015 12:00:00 AM +0000,2015,05:55 PM,STEWART AVE,3,530,W,N NELLIS BLVD,0,1,B,NON-COLLISION,E,200
189,36.15231467900003,-115.20799160499996,10/08/2015 12:00:00 AM +0000,2015,05:41 AM,S DECATUR BLVD,1,138,N,W OAKEY BLVD,0,1,C,NON-COLLISION,N,201
190,36.14450124500007,-115.298549203,10/08/2015 12:00:00 AM +0000,2015,07:37 PM,W SAHARA AVE,2,212,W,S FORT APACHE RD,0,0, ,ANGLE,W,202
191,36.17715442800005,-115.20614859799997,10/09/2015 12:00:00 AM +0000,2015,02:00 PM,N DECATUR BLVD,1,23,S,W BONANZA RD,0,1,A,NON-COLLISION,S,203
192,36.144400673000064,-115.17552062799996,10/10/2015 12:00:00 AM +0000,2015,10:51 PM,W SAHARA AVE,1,3,W,PALACE STATION DR,0,1,A,ANGLE,W,204
193,36.17324707000006,-115.09832934299999,10/14/2015 12:00:00 AM +0000,2015,09:13 AM,N PECOS RD,3,46,N,E BONANZA RD,0,1,A,NON-COLLISION,S,205
194,36.132195385000045,-115.29554804899999,10/15/2015 12:00:00 AM +0000,2015,05:03 PM,QUIET COVE WAY,2,291,E,BERMUDA BAY ST,1,0,K,NON-COLLISION,E,206
195,36.288290320000044,-115.28775342099999,10/15/2015 12:00:00 AM +0000,2015,05:46 PM,N DURANGO DR,6,8,N,W DORRELL LN,0,1,B,NON-COLLISION,N,207
196,36.17756133900008,-115.11607177699995,10/15/2015 12:00:00 AM +0000,2015,07:09 PM,N EASTERN AVE,3,10,N,HARRIS AVE,0,1,B,NON-COLLISION,N,208
197,36.217075762000036,-115.215754775,10/20/2015 12:00:00 AM +0000,2015,07:03 PM,W CHEYENNE AVE,5,0, ,ARLENE WAY,0,1,A,NON-COLLISION,W,209
198,36.188252265000074,-115.07390315699996,10/20/2015 12:00:00 AM +0000,2015,07:07 PM,MASQUERADE LN,3,40,S,E OWENS AVE,0,1,B,ANGLE, ,210
199,36.144391806000044,-115.19423404799994,10/21/2015 12:00:00 AM +0000,2015,03:58 PM,W SAHARA AVE,1,10,W,LAS VERDES ST,0,1,B,NON-COLLISION,E,211
200,36.16315926100003,-115.23658409199999,10/23/2015 12:00:00 AM +0000,2015,07:41 AM,SCHOLL DR,1,91,N,BRISTOL WAY,0,1,B,NON-COLLISION,S,212
201,36.184749425000064,-115.11616609999999,10/23/2015 12:00:00 AM +0000,2015,02:59 PM,N EASTERN AVE,3,10,S,SEARLES AVE,0,1,B,NON-COLLISION,W,213
202,36.184540543000026,-115.22390165899998,10/23/2015 12:00:00 AM +0000,2015,10:43 PM,CARMEN BLVD,5,4,E,N JONES BLVD,0,1,B,NON-COLLISION,N,214
203,36.138421451000056,-115.19051122799999,10/24/2015 12:00:00 AM +0000,2015,07:09 PM,S VALLEY VIEW BLVD,1,63,N,SILVER DOLLAR AVE,0,1,B,ANGLE,N,215
204,36.186755127000026,-115.09268178499997,10/25/2015 12:00:00 AM +0000,2015,05:03 PM,CULL CANYON DR,3,300,E,VIRGIL ST,0,1,C,NON-COLLISION,E,216
205,36.14787182500004,-115.14149091199994,10/26/2015 12:00:00 AM +0000,2015,04:03 PM,E ST LOUIS AVE,3,5,E,S 10TH ST,0,1,B,NON-COLLISION,W,217
206,36.195796837000046,-115.22375655599996,10/26/2015 12:00:00 AM +0000,2015,05:22 PM,W LAKE MEAD BLVD,5,0, ,N JONES BLVD,0,4,B,ANGLE,W,218
207,36.15456263400006,-115.19984185099997,10/27/2015 12:00:00 AM +0000,2015,07:12 AM,ARVILLE ST,1,0, ,MOUNTAIN VIEW BLVD,0,1,B,ANGLE,S,219
208,36.22189648700004,-115.25259879499998,10/27/2015 12:00:00 AM +0000,2015,06:33 PM,BUCKSKIN AVE,4,135,E,BUFFALO NARROWS CIR,0,1,C,NON-COLLISION,E,220
209,36.21463610400008,-115.27450480499999,10/31/2015 12:00:00 AM +0000,2015,04:36 PM,CORAL SHORES DR,4,5,E,SPINNAKER COVE DR,0,1,C,NON-COLLISION, ,221
210,36.19194815600008,-115.15187029999998,11/01/2015 12:00:00 AM +0000,2015,02:52 AM,H ST,5,5,S,DOOLITTLE AVE,0,1,B,NON-COLLISION, ,222
211,36.17110350200005,-115.12509322699998,11/02/2015 12:00:00 AM +0000,2015,01:32 AM,E MESQUITE AVE,3,7,W,N BRUCE ST,0,1,B,ANGLE,N,223
212,36.246360981000066,-115.22578083499997,11/05/2015 12:00:00 AM +0000,2015,06:08 PM,N JONES BLVD,6,12,N,W LONE MOUNTAIN RD,0,1,B,ANGLE,E,224
213,36.14823779500006,-115.118511464,11/07/2015 12:00:00 AM +0000,2015,03:54 PM,S EASTERN AVE,3,33,E,E ST LOUIS AVE,0,1,C,NON-COLLISION,W,225
214,36.17400203600005,-115.11602455799999,11/07/2015 12:00:00 AM +0000,2015,07:31 PM,E BONANZA RD,3,0, ,N EASTERN AVE,0,2,A,ANGLE,W,226
215,36.169329719000075,-115.14053090599998,11/09/2015 12:00:00 AM +0000,2015,12:29 AM,N LAS VEGAS BLVD,3,15,N,FREMONT ST,0,1,B,ANGLE,N,227
216,36.17705612200007,-115.16100661099995,11/09/2015 12:00:00 AM +0000,2015,07:09 AM,BONANZA,5,0, ,MLK,0,1,B,ANGLE,E,228
217,36.19604713200005,-115.25720862799994,11/09/2015 12:00:00 AM +0000,2015,02:20 PM,W LAKE MEAD BLVD,1,193,E,SUMMERHILL PLAZA,0,1,C,NON-COLLISION,E,229
218,36.15903468300007,-115.30321911599998,11/11/2015 12:00:00 AM +0000,2015,02:18 PM,APPLE DR,2,12,S,W CHARLESTON BLVD,0,1,C,NON-COLLISION,W,230
219,36.165959444000066,-115.21765627599996,11/12/2015 12:00:00 AM +0000,2015,07:53 AM,UPLAND BLVD,1,5,E,ALTA DR,0,3,A,ANGLE,S,231
220,36.159068682000054,-115.23570294499996,11/12/2015 12:00:00 AM +0000,2015,03:28 PM,W CHARLESTON BLVD,1,189,W,S TORREY PINES DR,1,0,K,NON-COLLISION,E,232
221,36.21686371900006,-115.22679377199995,11/13/2015 12:00:00 AM +0000,2015,07:36 PM,W CHEYENNE AVE,5,225,W,N JONES BLVD,0,0, ,ANGLE,E,233
222,36.17237473800003,-115.08821580499995,11/17/2015 12:00:00 AM +0000,2015,11:05 PM,POSSE AVE,3,300,E,N SANDHILL RD,0,1,C,NON-COLLISION,W,234
223,36.16303298300005,-115.21038270599996,11/19/2015 12:00:00 AM +0000,2015,03:36 PM,BRUSH ST,1,20,S,EVERGREEN AVE,0,1,C,NON-COLLISION,S,235
224,36.19564602200006,-115.14765362799994,11/19/2015 12:00:00 AM +0000,2015,05:27 PM,W LAKE MEAD BLVD,5,18,W,D ST,0,1,A,NON-COLLISION,E,236
225,36.143796053000074,-115.16783934299997,11/20/2015 12:00:00 AM +0000,2015,01:32 PM,WESTERN,1,0, ,SAHARA,0,1,C,ANGLE,S,237
226,36.16631666300003,-115.22357624899996,11/23/2015 12:00:00 AM +0000,2015,07:21 AM,ALTA DR,1,10,E,S JONES BLVD,0,1,A,NON-COLLISION,E,238
227,36.144175827000026,-115.19073351299994,11/24/2015 12:00:00 AM +0000,2015,07:46 AM,S VALLEY VIEW BLVD,1,8,S,W SAHARA AVE,0,1,B,ANGLE,N,239
228,36.19990772700004,-115.19653914899999,11/26/2015 12:00:00 AM +0000,2015,10:19 PM,N RANCHO DR,5,48,S,W LAKE MEAD BLVD,0,2,A,NON-COLLISION,S,240
229,36.173830243000054,-115.11477923799998,11/29/2015 12:00:00 AM +0000,2015,09:45 AM,E BONANZA RD,3,300,E,N EASTERN AVE,0,1,B,BACKING,S,241
230,36.19090094300003,-115.26314438799994,11/29/2015 12:00:00 AM +0000,2015,06:15 PM,BIG FLATS WAY,2,10,S,CIELO VISTA AVE,0,1,C,NON-COLLISION,S,242
231,36.15341303400004,-115.19530319899997,11/30/2015 12:00:00 AM +0000,2015,07:12 AM,HINSON ST,1,25,S,DEL MONTE AVE,0,1,B,ANGLE,S,243
232,36.142103829000064,-115.19976342199999,11/30/2015 12:00:00 AM +0000,2015,05:06 PM,ARVILLE ST,1,19,N,SAN ANGELO ST,1,0,K,NON-COLLISION,S,244
233,36.17326590000005,-115.21708818799999,12/02/2015 12:00:00 AM +0000,2015,09:14 AM,HARMONY AVE,1,635,W,S MICHAEL WAY,0,1,B,NON-COLLISION,E,245
234,36.15876207700006,-115.13729769499997,12/03/2015 12:00:00 AM +0000,2015,12:34 PM,E CHARLESTON BLVD,3,0, ,S MARYLAND PKWY,0,1,B,NON-COLLISION,E,246
235,36.177153203000046,-115.16064209799998,12/04/2015 12:00:00 AM +0000,2015,07:47 PM,N MARTIN L KING BLVD,5,0, ,W BONANZA RD,0,1,B,ANGLE, ,247
236,36.177497566000056,-115.14937482999994,12/05/2015 12:00:00 AM +0000,2015,12:39 PM,N CITY PKWY,5,54,N,W BONANZA RD,0,1,A,NON-COLLISION,S,248
237,36.159271045000025,-115.22416911199997,12/07/2015 12:00:00 AM +0000,2015,05:24 PM,W CHARLESTON BLVD,1,4,W,S JONES BLVD,0,1,C,ANGLE,W,249
238,36.14611490200008,-115.20806864899998,12/09/2015 12:00:00 AM +0000,2015,05:53 PM,S DECATUR BLVD,1,485,N,W SAHARA AVE,0,1,C,ANGLE,W,250
239,36.15900373900007,-115.28236279899994,12/11/2015 12:00:00 AM +0000,2015,11:02 PM,W CHARLESTON BLVD,2,514,W,S DURANGO DR,0,1,B,NON-COLLISION, ,251
240,36.144172439000045,-115.13635990299997,12/13/2015 12:00:00 AM +0000,2015,06:20 PM,E SAHARA AVE,3,100,E,S MARYLAND PKWY,0,1,C,NON-COLLISION,E,252
241,36.158837583000036,-115.13756192699998,12/14/2015 12:00:00 AM +0000,2015,04:59 PM,E CHARLESTON BLVD,3,100,W,S MARYLAND PKWY,0,1,B,NON-COLLISION,E,253
242,36.30145923500004,-115.25984354399998,12/15/2015 12:00:00 AM +0000,2015,07:43 AM,WHISPERING SANDS DR,6,15,E,N BUFFALO DR,0,1,B,NON-COLLISION,E,254
243,36.16645379000005,-115.06227182199996,12/15/2015 12:00:00 AM +0000,2015,04:26 PM,N NELLIS BLVD,3,0, ,STEWART AVE,0,1,C,ANGLE,E,255
244,36.14017393600005,-115.20255076299998,12/17/2015 12:00:00 AM +0000,2015,03:56 PM,CASTLEWOOD DR,1,25,W,CINDERELLA LN,0,1,A,NON-COLLISION,W,256
245,36.170259464000026,-115.26165594499997,12/17/2015 12:00:00 AM +0000,2015,05:06 PM,DUCHARME AVE,2,210,W,JETT ST,0,1,B,ANGLE,N,257
246,36.17299031500005,-115.20580211899994,12/17/2015 12:00:00 AM +0000,2015,05:55 PM,DECATUR,1,0, ,US95 SB OFF RAMP,0,1,B,NON-COLLISION,N,258
247,36.195750701000065,-115.23539845099998,12/17/2015 12:00:00 AM +0000,2015,06:22 PM,BOOKBINDER DR,5,18,S,W LAKE MEAD BLVD,0,1,A,ANGLE,E,259
248,36.19982329800007,-115.24679410599998,12/21/2015 12:00:00 AM +0000,2015,04:54 PM,ROCK SPRINGS,1,9,N,EUGENE,0,1,B,NON-COLLISION,N,260
249,36.233095510000055,-115.24217126399998,12/21/2015 12:00:00 AM +0000,2015,05:20 PM,N RAINBOW BLVD,4,0, ,W ALEXANDER RD,0,1,C,NON-COLLISION,W,261
250,36.17380584000006,-115.10958748299998,12/21/2015 12:00:00 AM +0000,2015,06:19 PM,E BONANZA RD,3,0, ,WARDELLE ST,0,1,B,NON-COLLISION,W,262
251,36.188651521000054,-115.25129424099998,12/24/2015 12:00:00 AM +0000,2015,06:59 PM,VEGAS DR,1,0, ,N TENAYA WAY,0,1,B,NON-COLLISION,E,263
252,36.159092964000024,-115.23709937799998,12/25/2015 12:00:00 AM +0000,2015,08:32 PM,W CHARLESTON BLVD,1,0, ,SCHOLL DR,0,1,A,NON-COLLISION,E,264
253,36.17742186000004,-115.11623070299999,12/29/2015 12:00:00 AM +0000,2015,06:51 PM,N EASTERN AVE,3,3,S,HARRIS AVE,0,1,C,NON-COLLISION,S,265
254,36.17339848100005,-115.08021493899997,12/30/2015 12:00:00 AM +0000,2015,09:27 PM,N LAMB BLVD,3,10,E,E BONANZA RD,0,1,C,NON-COLLISION, ,266
255,36.14445538100006,-115.22518566199994,12/31/2015 12:00:00 AM +0000,2015,04:41 PM,S JONES BLVD,1,10,N,W SAHARA AVE,0,1,B,ANGLE,W,267
